Time,Voltage set,Voltage read
698104.93372,0,0.000416
698109.1646812,1,1.00031
